Rank,Location,Province,Numbers,BenfordError,PlotName
1,Jordan,nan,348,0.06253,jordan.png
2,Ukraine,Sumy Oblast,269,0.06612,ukraine_sumy_oblast.png
3,Netherlands,Aruba,250,0.06783,netherlands_aruba.png
4,Malawi,nan,287,0.06797,malawi.png
5,Australia,New South Wales,332,0.07750,australia_new_south_wales.png
6,Peru,Pasco,218,0.08646,peru_pasco.png
7,Germany,Thuringen,279,0.08938,germany_thuringen.png
8,Spain,C Valenciana,212,0.09161,spain_c_valenciana.png
9,Brazil,Maranhao,280,0.09283,brazil_maranhao.png
10,Namibia,nan,277,0.09674,namibia.png
11,Peru,Cajamarca,217,0.09878,peru_cajamarca.png
12,Russia,Altai Republic,275,0.09953,russia_altai_republic.png
13,Japan,Miyagi,229,0.10002,japan_miyagi.png
14,United Kingdom,Wales,258,0.10335,united_kingdom_wales.png
15,United Kingdom,Gibraltar,251,0.10365,united_kingdom_gibraltar.png
16,India,Nagaland,244,0.10830,india_nagaland.png
17,Mali,nan,329,0.10910,mali.png
18,Germany,Sachsen,274,0.11058,germany_sachsen.png
19,Austria,nan,370,0.11112,austria.png
20,Singapore,nan,393,0.11156,singapore.png
21,Spain,Andalusia,211,0.11161,spain_andalusia.png
22,Niger,nan,246,0.11303,niger.png
23,Netherlands,Curacao,209,0.11530,netherlands_curacao.png
24,Japan,Hiroshima,215,0.11552,japan_hiroshima.png
25,Italy,Veneto,292,0.11575,italy_veneto.png
26,Lithuania,nan,358,0.11667,lithuania.png
27,Colombia,Cordoba,266,0.11669,colombia_cordoba.png
28,India,Arunachal Pradesh,229,0.11831,india_arunachal_pradesh.png
29,Sweden,Orebro,161,0.11939,sweden_orebro.png
30,Hungary,nan,359,0.12014,hungary.png
31,Czechia,nan,356,0.12078,czechia.png
32,Japan,Ibaraki,243,0.12174,japan_ibaraki.png
33,Colombia,Amazonas,217,0.12299,colombia_amazonas.png
34,Peru,Amazonas,216,0.12467,peru_amazonas.png
35,Chile,Tarapaca,283,0.12476,chile_tarapaca.png
36,Israel,nan,368,0.12518,israel.png
37,Peru,Apurimac,217,0.12585,peru_apurimac.png
38,Spain,Navarra,207,0.12659,spain_navarra.png
39,Italy,Sardegna,255,0.12755,italy_sardegna.png
40,Norway,nan,365,0.12830,norway.png
41,Colombia,San Andres y Providencia,199,0.12831,colombia_san_andres_y_providencia.png
42,Finland,nan,360,0.12927,finland.png
43,Bahamas,nan,221,0.12969,bahamas.png
44,Peru,Puno,216,0.13004,peru_puno.png
45,Zambia,nan,292,0.13028,zambia.png
46,Eswatini,nan,323,0.13091,eswatini.png
47,Colombia,Choco,261,0.13115,colombia_choco.png
48,France,Mayotte,159,0.13217,france_mayotte.png
49,Peru,Arequipa,217,0.13331,peru_arequipa.png
50,Germany,Berlin,292,0.13404,germany_berlin.png
51,Spain,Ceuta,152,0.13478,spain_ceuta.png
52,Uganda,nan,316,0.13674,uganda.png
53,Japan,Shizuoka,224,0.13901,japan_shizuoka.png
54,Japan,Gifu,223,0.13934,japan_gifu.png
55,Ukraine,Chernihiv Oblast,272,0.13969,ukraine_chernihiv_oblast.png
56,Georgia,nan,359,0.14005,georgia.png
57,Colombia,Atlantico,267,0.14032,colombia_atlantico.png
58,Armenia,nan,357,0.14117,armenia.png
59,Ukraine,Zhytomyr Oblast,273,0.14158,ukraine_zhytomyr_oblast.png
60,India,Jharkhand,260,0.14198,india_jharkhand.png
61,Sudan,nan,257,0.14218,sudan.png
62,Colombia,Arauca,233,0.14248,colombia_arauca.png
63,Angola,nan,299,0.14270,angola.png
64,Nepal,nan,320,0.14357,nepal.png
65,India,Punjab,260,0.14429,india_punjab.png
66,Japan,Tochigi,225,0.14436,japan_tochigi.png
67,Mexico,Tlaxcala,284,0.14438,mexico_tlaxcala.png
68,New Zealand,nan,261,0.14527,new_zealand.png
69,Colombia,Casanare,251,0.14694,colombia_casanare.png
70,Peru,Tacna,216,0.14760,peru_tacna.png
71,Sweden,Vastra Gotaland,163,0.14807,sweden_vastra_gotaland.png
72,Japan,Fukuoka,269,0.14886,japan_fukuoka.png
73,Iceland,nan,290,0.14894,iceland.png
74,Ukraine,Kiev,275,0.14898,ukraine_kiev.png
75,Spain,Extremadura,207,0.14986,spain_extremadura.png
76,Brazil,Sergipe,280,0.15001,brazil_sergipe.png
77,Kyrgyzstan,nan,317,0.15013,kyrgyzstan.png
78,Colombia,Cesar,267,0.15062,colombia_cesar.png
79,Spain,Catalonia,210,0.15160,spain_catalonia.png
80,Australia,Victoria,271,0.15175,australia_victoria.png
81,Morocco,nan,360,0.15193,morocco.png
82,Comoros,nan,137,0.15210,comoros.png
83,Spain,Cantabria,193,0.15231,spain_cantabria.png
84,Rwanda,nan,344,0.15404,rwanda.png
85,Peru,Ica,217,0.15415,peru_ica.png
86,Haiti,nan,255,0.15440,haiti.png
87,France,Reunion,213,0.15513,france_reunion.png
88,Japan,Yamaguchi,163,0.15534,japan_yamaguchi.png
89,Cote dIvoire,nan,336,0.15596,cote_divoire.png
90,China,Hong Kong,315,0.15613,china_hong_kong.png
91,Peru,Madre de Dios,215,0.15617,peru_madre_de_dios.png
92,Moldova,nan,355,0.15645,moldova.png
93,Saint Lucia,nan,118,0.15654,saint_lucia.png
94,Belize,nan,209,0.15716,belize.png
95,China,Shanghai,324,0.15719,china_shanghai.png
96,Peru,Junin,218,0.15746,peru_junin.png
97,Trinidad and Tobago,nan,252,0.15773,trinidad_and_tobago.png
98,Japan,Shiga,223,0.15786,japan_shiga.png
99,Chile,Los Lagos,284,0.15867,chile_los_lagos.png
100,Spain,Asturias,182,0.15889,spain_asturias.png
101,Sweden,Vastmanland,163,0.15976,sweden_vastmanland.png
102,United Kingdom,Channel Islands,214,0.15984,united_kingdom_channel_islands.png
103,Zimbabwe,nan,297,0.16013,zimbabwe.png
104,United Kingdom,England,262,0.16017,united_kingdom_england.png
105,Spain,Galicia,206,0.16032,spain_galicia.png
106,Maldives,nan,333,0.16087,maldives.png
107,Djibouti,nan,272,0.16088,djibouti.png
108,Spain,Baleares,212,0.16097,spain_baleares.png
109,Ukraine,Luhansk Oblast,246,0.16138,ukraine_luhansk_oblast.png
110,Peru,Ayacucho,218,0.16153,peru_ayacucho.png
111,Sweden,Gavleborg,160,0.16198,sweden_gavleborg.png
112,Colombia,Guaviare,203,0.16236,colombia_guaviare.png
113,Burundi,nan,174,0.16261,burundi.png
114,Canada,Alberta,300,0.16272,canada_alberta.png
115,Germany,Bayern,290,0.16345,germany_bayern.png
116,Chad,nan,277,0.16379,chad.png
117,Spain,Castilla La Mancha,211,0.16468,spain_castilla_la_mancha.png
118,San Marino,nan,178,0.16479,san_marino.png
119,India,Meghalaya,232,0.16518,india_meghalaya.png
120,Andorra,nan,230,0.16520,andorra.png
121,Sweden,Dalarna,164,0.16630,sweden_dalarna.png
122,India,Odisha,260,0.16657,india_odisha.png
123,Spain,Murcia,199,0.16676,spain_murcia.png
124,India,Tripura,237,0.16680,india_tripura.png
125,India,Uttar Pradesh,260,0.16737,india_uttar_pradesh.png
126,Spain,La Rioja,193,0.16749,spain_la_rioja.png
127,Somalia,nan,154,0.16767,somalia.png
128,Colombia,Tolima,266,0.16788,colombia_tolima.png
129,Botswana,nan,85,0.16801,botswana.png
130,Pakistan,Azad Jammu and Kashmir,253,0.16825,pakistan_azad_jammu_and_kashmir.png
131,Ukraine,Zaporizhia Oblast,270,0.16831,ukraine_zaporizhia_oblast.png
132,Germany,Sachsen Anhalt,265,0.16933,germany_sachsen_anhalt.png
133,Ukraine,Kirovohrad Oblast,262,0.17007,ukraine_kirovohrad_oblast.png
134,Peru,Huancavelica,218,0.17063,peru_huancavelica.png
135,Sierra Leone,nan,288,0.17075,sierra_leone.png
136,Peru,Moquegua,216,0.17146,peru_moquegua.png
137,Liberia,nan,213,0.17153,liberia.png
138,Monaco,nan,226,0.17232,monaco.png
139,Sweden,Norrbotten,156,0.17245,sweden_norrbotten.png
140,Colombia,Putumayo,249,0.17282,colombia_putumayo.png
141,Germany,Brandenburg,278,0.17286,germany_brandenburg.png
142,Ghana,nan,257,0.17295,ghana.png
143,Sweden,Stockholm,163,0.17316,sweden_stockholm.png
144,Brazil,Rio Grande do Norte,274,0.17645,brazil_rio_grande_do_norte.png
145,Ukraine,Odessa Oblast,274,0.17657,ukraine_odessa_oblast.png
146,India,Mizoram,221,0.17705,india_mizoram.png
147,Germany,Unknown,139,0.17814,germany_unknown.png
148,Peru,Huanuco,218,0.17814,peru_huanuco.png
149,Greece,nan,362,0.17835,greece.png
150,Ireland,nan,362,0.17890,ireland.png
151,Mexico,Chihuahua,285,0.17928,mexico_chihuahua.png
152,Colombia,Bolivar,267,0.17965,colombia_bolivar.png
153,Japan,Fukushima,180,0.17989,japan_fukushima.png
154,Sweden,Uppsala,165,0.17992,sweden_uppsala.png
155,Jamaica,nan,327,0.18058,jamaica.png
156,Japan,Kumamoto,210,0.18078,japan_kumamoto.png
157,Dominican Republic,nan,351,0.18084,dominican_republic.png
158,Latvia,nan,342,0.18119,latvia.png
159,Italy,Piemonte,292,0.18130,italy_piemonte.png
160,India,Himachal Pradesh,261,0.18133,india_himachal_pradesh.png
161,Pakistan,Balochistan,251,0.18137,pakistan_balochistan.png
162,Canada,British Columbia,257,0.18194,canada_british_columbia.png
163,Sweden,Jamtland Harjedalen,151,0.18218,sweden_jamtland_harjedalen.png
164,Afghanistan,nan,357,0.18301,afghanistan.png
165,France,French Guiana,257,0.18308,france_french_guiana.png
166,Suriname,nan,278,0.18403,suriname.png
167,Switzerland,nan,318,0.18412,switzerland.png
168,Spain,Canarias,199,0.18419,spain_canarias.png
169,Japan,Tokyo,278,0.18436,japan_tokyo.png
170,Ukraine,Mykolaiv Oblast,263,0.18618,ukraine_mykolaiv_oblast.png
171,Brazil,Santa Catarina,279,0.18628,brazil_santa_catarina.png
172,Ukraine,Rivne Oblast,275,0.18631,ukraine_rivne_oblast.png
173,Malaysia,nan,377,0.18634,malaysia.png
174,Ukraine,Poltava Oblast,262,0.18713,ukraine_poltava_oblast.png
175,Sweden,Blekinge,152,0.18812,sweden_blekinge.png
176,Vietnam,nan,272,0.18941,vietnam.png
177,Pakistan,Sindh,254,0.18963,pakistan_sindh.png
178,United Arab Emirates,nan,360,0.18970,united_arab_emirates.png
179,Japan,nan,106,0.19055,japan.png
180,Denmark,nan,337,0.19137,denmark.png
181,Belgium,nan,250,0.19186,belgium.png
182,Togo,nan,325,0.19210,togo.png
183,Colombia,Risaralda,264,0.19228,colombia_risaralda.png
184,Mexico,Chiapas,282,0.19253,mexico_chiapas.png
185,Japan,Saga,160,0.19369,japan_saga.png
186,Central African Republic,nan,137,0.19431,central_african_republic.png
187,Mauritania,nan,296,0.19440,mauritania.png
188,Bosnia and Herzegovina,nan,317,0.19465,bosnia_and_herzegovina.png
189,Ukraine,Cherkasy Oblast,270,0.19504,ukraine_cherkasy_oblast.png
190,Spain,Madrid,213,0.19606,spain_madrid.png
191,Mexico,Durango,286,0.19611,mexico_durango.png
192,Oman,nan,289,0.19755,oman.png
193,Italy,PA Bolzano,263,0.19775,italy_pa_bolzano.png
194,Kenya,nan,347,0.19775,kenya.png
195,Cameroon,nan,140,0.19831,cameroon.png
196,India,Bihar,261,0.19922,india_bihar.png
197,Colombia,Sucre,264,0.19962,colombia_sucre.png
198,Equatorial Guinea,nan,101,0.20044,equatorial_guinea.png
199,Peru,Cusco,218,0.20056,peru_cusco.png
200,Uruguay,nan,339,0.20130,uruguay.png
201,Colombia,Caqueta,241,0.20131,colombia_caqueta.png
202,Brazil,Rondonia,276,0.20147,brazil_rondonia.png
203,Eritrea,nan,110,0.20250,eritrea.png
204,Japan,Osaka,262,0.20288,japan_osaka.png
205,Congo Brazzaville,nan,82,0.20411,congo_brazzaville.png
206,El Salvador,nan,268,0.20432,el_salvador.png
207,Ukraine,Kherson Oblast,241,0.20440,ukraine_kherson_oblast.png
208,Kosovo,nan,248,0.20456,kosovo.png
209,Canada,Manitoba,292,0.20479,canada_manitoba.png
210,Brazil,nan,76,0.20483,brazil.png
211,Chile,Aysen,224,0.20659,chile_aysen.png
212,Croatia,nan,350,0.20684,croatia.png
213,Canada,Ontario,360,0.20749,canada_ontario.png
214,Mexico,Sonora,286,0.20786,mexico_sonora.png
215,Netherlands,Sint Maarten,213,0.20881,netherlands_sint_maarten.png
216,Lebanon,nan,361,0.20919,lebanon.png
217,Pakistan,nan,94,0.20956,pakistan.png
218,Japan,Gunma,228,0.21141,japan_gunma.png
219,Spain,Pais Vasco,211,0.21147,spain_pais_vasco.png
220,Gambia,nan,178,0.21148,gambia.png
221,Romania,nan,364,0.21195,romania.png
222,Japan,Miyazaki,153,0.21233,japan_miyazaki.png
223,Peru,Tumbes,215,0.21373,peru_tumbes.png
224,Colombia,Boyaca,264,0.21489,colombia_boyaca.png
225,Seychelles,nan,98,0.21548,seychelles.png
226,Japan,Wakayama,181,0.21573,japan_wakayama.png
227,Sweden,Vasternorrland,159,0.21627,sweden_vasternorrland.png
228,Mexico,Colima,285,0.21638,mexico_colima.png
229,Pakistan,Islamabad,254,0.21711,pakistan_islamabad.png
230,Mexico,Veracruz,286,0.21744,mexico_veracruz.png
231,Germany,Mecklenburg Vorpommern,244,0.21788,germany_mecklenburg_vorpommern.png
232,Italy,Basilicata,218,0.21789,italy_basilicata.png
233,Slovenia,nan,344,0.21933,slovenia.png
234,Bulgaria,nan,354,0.21960,bulgaria.png
235,Ukraine,Volyn Oblast,275,0.21980,ukraine_volyn_oblast.png
236,France,Guadeloupe,79,0.21987,france_guadeloupe.png
237,Brazil,Ceara,271,0.22023,brazil_ceara.png
238,Japan,Kyoto,256,0.22032,japan_kyoto.png
239,India,Maharashtra,259,0.22042,india_maharashtra.png
240,Estonia,nan,345,0.22052,estonia.png
241,Colombia,Caldas,259,0.22065,colombia_caldas.png
242,Italy,Molise,225,0.22099,italy_molise.png
243,Ukraine,Vinnytsia Oblast,275,0.22133,ukraine_vinnytsia_oblast.png
244,Chile,OHiggins,284,0.22184,chile_ohiggins.png
245,Chile,Los Rios,285,0.22311,chile_los_rios.png
246,China,Liaoning,115,0.22312,china_liaoning.png
247,Sweden,Kalmar,163,0.22367,sweden_kalmar.png
248,Italy,Lombardia,293,0.22532,italy_lombardia.png
249,Sweden,Kronoberg,159,0.22537,sweden_kronoberg.png
250,Germany,Niedersachsen,292,0.22574,germany_niedersachsen.png
251,Chile,Atacama,283,0.22632,chile_atacama.png
252,Serbia,nan,345,0.22688,serbia.png
253,Russia,Pskov Oblast,275,0.22745,russia_pskov_oblast.png
254,China,Guangdong,301,0.22850,china_guangdong.png
255,Lesotho,nan,133,0.22941,lesotho.png
256,Mexico,Puebla,286,0.22944,mexico_puebla.png
257,France,nan,347,0.23005,france.png
258,Russia,Chukotka Autonomous Okrug,179,0.23029,russia_chukotka_autonomous_okrug.png
259,Colombia,La Guajira,263,0.23073,colombia_la_guajira.png
260,Mexico,Aguascalientes,281,0.23169,mexico_aguascalientes.png
261,India,Dadra and Nagar Haveli and Daman and Diu,200,0.23205,india_dadra_and_nagar_haveli_and_daman_and_diu.png
262,France,French Polynesia,140,0.23208,france_french_polynesia.png
263,Ukraine,Khmelnytskyi Oblast,266,0.23317,ukraine_khmelnytskyi_oblast.png
264,South Korea,nan,394,0.23358,south_korea.png
265,India,Chandigarh,260,0.23488,india_chandigarh.png
266,Thailand,nan,347,0.23538,thailand.png
267,Chile,Antofagasta,285,0.23578,chile_antofagasta.png
268,Spain,Castilla y Leon,213,0.23580,spain_castilla_y_leon.png
269,Japan,Niigata,163,0.23594,japan_niigata.png
270,India,Delhi,261,0.23649,india_delhi.png
271,India,Goa,258,0.23665,india_goa.png
272,Mozambique,nan,319,0.23788,mozambique.png
273,Mexico,Tamaulipas,286,0.23805,mexico_tamaulipas.png
274,Japan,Ehime,122,0.23850,japan_ehime.png
275,Nigeria,nan,351,0.23958,nigeria.png
276,Indonesia,nan,361,0.23977,indonesia.png
277,Canada,Nova Scotia,209,0.24085,canada_nova_scotia.png
278,Japan,Hokkaido,277,0.24112,japan_hokkaido.png
279,Netherlands,Overijssel,221,0.24142,netherlands_overijssel.png
280,Mexico,Nayarit,285,0.24215,mexico_nayarit.png
281,Russia,Kostroma Oblast,275,0.24315,russia_kostroma_oblast.png
282,Mexico,Campeche,286,0.24354,mexico_campeche.png
283,Luxembourg,nan,302,0.24443,luxembourg.png
284,Japan,Yamanashi,172,0.24494,japan_yamanashi.png
285,Italy,Liguria,292,0.24567,italy_liguria.png
286,United Kingdom,Cayman Islands,125,0.24616,united_kingdom_cayman_islands.png
287,Peru,Lima,217,0.24671,peru_lima.png
288,Germany,Nordrhein Westfalen,278,0.24719,germany_nordrhein_westfalen.png
289,Japan,Iwate,115,0.24759,japan_iwate.png
290,Guyana,nan,288,0.24785,guyana.png
291,Japan,Aomori,121,0.24802,japan_aomori.png
292,Poland,nan,362,0.24891,poland.png
293,India,nan,101,0.24897,india.png
294,Canada,Saskatchewan,326,0.24935,canada_saskatchewan.png
295,Brazil,Tocantins,280,0.24976,brazil_tocantins.png
296,Japan,Saitama,269,0.25021,japan_saitama.png
297,Germany,Baden Wurttemberg,271,0.25107,germany_baden_wurttemberg.png
298,Colombia,Vichada,137,0.25117,colombia_vichada.png
299,Germany,Rheinland Pfalz,292,0.25206,germany_rheinland_pfalz.png
300,Italy,Toscana,293,0.25268,italy_toscana.png
301,Brazil,Minas Gerais,280,0.25386,brazil_minas_gerais.png
302,Guinea,nan,277,0.25388,guinea.png
303,Brazil,Bahia,280,0.25411,brazil_bahia.png
304,Benin,nan,108,0.25433,benin.png
305,Burkina Faso,nan,290,0.25436,burkina_faso.png
306,Ukraine,Donetsk Oblast,267,0.25443,ukraine_donetsk_oblast.png
307,Sweden,Vasterbotten,147,0.25500,sweden_vasterbotten.png
308,Sweden,Ostergotland,166,0.25681,sweden_ostergotland.png
309,Russia,Kurgan Oblast,275,0.25746,russia_kurgan_oblast.png
310,Germany,Hessen,279,0.25749,germany_hessen.png
311,India,Andaman and Nicobar Islands,225,0.25753,india_andaman_and_nicobar_islands.png
312,Ukraine,Dnipropetrovsk Oblast,264,0.25855,ukraine_dnipropetrovsk_oblast.png
313,Colombia,Norte de Santander,257,0.25964,colombia_norte_de_santander.png
314,Peru,Callao,218,0.26048,peru_callao.png
315,Spain,Aragon,210,0.26126,spain_aragon.png
316,India,Manipur,261,0.26189,india_manipur.png
317,Japan,Kanagawa,273,0.26240,japan_kanagawa.png
318,Sweden,Varmland,161,0.26332,sweden_varmland.png
319,Saint Vincent and the Grenadines,nan,93,0.26337,saint_vincent_and_the_grenadines.png
320,Slovakia,nan,351,0.26513,slovakia.png
321,Nicaragua,nan,58,0.26573,nicaragua.png
322,Senegal,nan,355,0.26602,senegal.png
323,Algeria,nan,362,0.26630,algeria.png
324,Italy,Friuli Venezia Giulia,272,0.26634,italy_friuli_venezia_giulia.png
325,Japan,Kagoshima,205,0.26774,japan_kagoshima.png
326,France,St Martin,57,0.26867,france_st_martin.png
327,Colombia,Cauca,267,0.26909,colombia_cauca.png
328,Colombia,Guainia,133,0.27012,colombia_guainia.png
329,Peru,Loreto,215,0.27103,peru_loreto.png
330,Peru,Piura,217,0.27118,peru_piura.png
331,Sweden,Gotland,135,0.27136,sweden_gotland.png
332,Japan,Aichi,250,0.27145,japan_aichi.png
333,Mexico,Queretaro,285,0.27209,mexico_queretaro.png
334,Chile,Nuble,283,0.27209,chile_nuble.png
335,Portugal,nan,361,0.27244,portugal.png
336,South Africa,nan,359,0.27255,south_africa.png
337,Colombia,Capital District,268,0.27370,colombia_capital_district.png
338,Japan,Nagasaki,153,0.27466,japan_nagasaki.png
339,Netherlands,Flevoland,221,0.27543,netherlands_flevoland.png
340,Colombia,Narino,265,0.27557,colombia_narino.png
341,Colombia,Quindio,251,0.27638,colombia_quindio.png
342,Colombia,Huila,258,0.27650,colombia_huila.png
343,Russia,Tyva Republic,275,0.27662,russia_tyva_republic.png
344,Brazil,Goias,276,0.27682,brazil_goias.png
345,North Macedonia,nan,356,0.27715,north_macedonia.png
346,Japan,Okayama,193,0.27774,japan_okayama.png
347,Russia,Samara Oblast,275,0.27831,russia_samara_oblast.png
348,South Sudan,nan,181,0.27906,south_sudan.png
349,France,Martinique,74,0.28036,france_martinique.png
350,Germany,Schleswig Holstein,262,0.28036,germany_schleswig_holstein.png
351,United Kingdom,Turks and Caicos Islands,161,0.28050,united_kingdom_turks_and_caicos_islands.png
352,India,Sikkim,238,0.28105,india_sikkim.png
353,Brazil,Amazonas,278,0.28238,brazil_amazonas.png
354,Burma,nan,287,0.28295,burma.png
355,West Bank and Gaza,nan,317,0.28370,west_bank_and_gaza.png
356,Cyprus,nan,332,0.28383,cyprus.png
357,Ecuador,nan,340,0.28411,ecuador.png
358,Germany,Bremen,269,0.28509,germany_bremen.png
359,Brazil,Rio de Janeiro,277,0.28602,brazil_rio_de_janeiro.png
360,Sweden,Sormland,153,0.28668,sweden_sormland.png
361,Japan,Toyama,151,0.28713,japan_toyama.png
362,Japan,Tokushima,117,0.28783,japan_tokushima.png
363,Congo Kinshasa,nan,326,0.28860,congo_kinshasa.png
364,Gabon,nan,173,0.28895,gabon.png
365,Peru,Ucayali,217,0.28896,peru_ucayali.png
366,Brazil,Roraima,277,0.28931,brazil_roraima.png
367,Germany,nan,84,0.28947,germany.png
368,India,Andhra Pradesh,260,0.29024,india_andhra_pradesh.png
369,Azerbaijan,nan,356,0.29026,azerbaijan.png
370,Russia,Arkhangelsk Oblast,275,0.29107,russia_arkhangelsk_oblast.png
371,Ukraine,Crimea Republic,273,0.29187,ukraine_crimea_republic.png
372,Brazil,Rio Grande do Sul,276,0.29213,brazil_rio_grande_do_sul.png
373,Russia,Ryazan Oblast,275,0.29291,russia_ryazan_oblast.png
374,Mexico,Quintana Roo,284,0.29566,mexico_quintana_roo.png
375,United Kingdom,Northern Ireland,238,0.29599,united_kingdom_northern_ireland.png
376,Liechtenstein,nan,190,0.29679,liechtenstein.png
377,India,Assam,259,0.29787,india_assam.png
378,Ukraine,Zakarpattia Oblast,275,0.29812,ukraine_zakarpattia_oblast.png
379,Italy,Abruzzo,273,0.29850,italy_abruzzo.png
380,Kazakhstan,nan,339,0.29937,kazakhstan.png
381,Taiwan,nan,212,0.30017,taiwan.png
382,Pakistan,Gilgit Baltistan,230,0.30022,pakistan_gilgit_baltistan.png
383,Spain,Melilla,151,0.30023,spain_melilla.png
384,Mexico,Mexico,286,0.30099,mexico_mexico.png
385,Netherlands,Unknown,179,0.30121,netherlands_unknown.png
386,Tunisia,nan,312,0.30216,tunisia.png
387,Brazil,Parana,276,0.30312,brazil_parana.png
388,Cabo Verde,nan,322,0.30349,cabo_verde.png
389,Ukraine,Chernivtsi Oblast,275,0.30387,ukraine_chernivtsi_oblast.png
390,Mauritius,nan,100,0.30411,mauritius.png
391,Costa Rica,nan,316,0.30440,costa_rica.png
392,Russia,Nenets Autonomous Okrug,206,0.30753,russia_nenets_autonomous_okrug.png
393,Mexico,Zacatecas,285,0.30862,mexico_zacatecas.png
394,Colombia,Magdalena,268,0.30882,colombia_magdalena.png
395,Ukraine,Kiev Oblast,275,0.30951,ukraine_kiev_oblast.png
396,Netherlands,Groningen,221,0.30985,netherlands_groningen.png
397,Japan,Port Quarantine,268,0.31080,japan_port_quarantine.png
398,Madagascar,nan,204,0.31105,madagascar.png
399,Russia,Novgorod Oblast,275,0.31121,russia_novgorod_oblast.png
400,Denmark,Faroe Islands,136,0.31122,denmark_faroe_islands.png
401,Brazil,Mato Grosso do Sul,280,0.31126,brazil_mato_grosso_do_sul.png
402,Italy,Marche,275,0.31131,italy_marche.png
403,Japan,Chiba,267,0.31285,japan_chiba.png
404,Mexico,Guanajuato,286,0.31299,mexico_guanajuato.png
405,Japan,Mie,216,0.31427,japan_mie.png
406,Brazil,Amapa,275,0.31430,brazil_amapa.png
407,Russia,Buryatia Republic,275,0.31684,russia_buryatia_republic.png
408,China,Jilin,74,0.31726,china_jilin.png
409,Italy,Valle dAosta,208,0.31962,italy_valle_daosta.png
410,Mongolia,nan,197,0.31964,mongolia.png
411,Sweden,Halland,164,0.31984,sweden_halland.png
412,China,Xinjiang,61,0.32050,china_xinjiang.png
413,Japan,Nagano,185,0.32143,japan_nagano.png
414,Ukraine,Lviv Oblast,275,0.32151,ukraine_lviv_oblast.png
415,Brazil,Alagoas,279,0.32174,brazil_alagoas.png
416,Yemen,nan,212,0.32418,yemen.png
417,Mexico,Oaxaca,285,0.32562,mexico_oaxaca.png
418,Japan,Nara,230,0.32653,japan_nara.png
419,Panama,nan,354,0.32712,panama.png
420,Germany,Hamburg,284,0.32744,germany_hamburg.png
421,Japan,Okinawa,229,0.32831,japan_okinawa.png
422,Russia,Sakha Yakutiya Republic,275,0.32836,russia_sakha_yakutiya_republic.png
423,Bangladesh,nan,351,0.32864,bangladesh.png
424,China,Gansu,51,0.32921,china_gansu.png
425,Sweden,Skane,166,0.33041,sweden_skane.png
426,Japan,Yamagata,90,0.33071,japan_yamagata.png
427,Italy,Campania,283,0.33116,italy_campania.png
428,India,Haryana,261,0.33220,india_haryana.png
429,Italy,Sicilia,278,0.33274,italy_sicilia.png
430,Russia,Vladimir Oblast,275,0.33303,russia_vladimir_oblast.png
431,Canada,New Brunswick,208,0.33434,canada_new_brunswick.png
432,Brazil,Para,280,0.33595,brazil_para.png
433,Mexico,Ciudad de Mexico,286,0.33632,mexico_ciudad_de_mexico.png
434,China,Heilongjiang,104,0.33633,china_heilongjiang.png
435,Netherlands,Gelderland,224,0.33817,netherlands_gelderland.png
436,Japan,Kagawa,140,0.33849,japan_kagawa.png
437,Japan,Ishikawa,197,0.34018,japan_ishikawa.png
438,Australia,Western Australia,189,0.34085,australia_western_australia.png
439,Sao Tome and Principe,nan,177,0.34346,sao_tome_and_principe.png
440,Bhutan,nan,168,0.34349,bhutan.png
441,Colombia,Meta,265,0.34387,colombia_meta.png
442,Mexico,nan,74,0.34388,mexico.png
443,Barbados,nan,194,0.34432,barbados.png
444,Germany,Saarland,257,0.34451,germany_saarland.png
445,Sweden,Jonkoping,164,0.34483,sweden_jonkoping.png
446,India,Ladakh,247,0.34582,india_ladakh.png
447,Mexico,Coahuila,285,0.34675,mexico_coahuila.png
448,Russia,Adygea Republic,275,0.34680,russia_adygea_republic.png
449,Uzbekistan,nan,342,0.34689,uzbekistan.png
450,Brazil,Sao Paulo,273,0.34776,brazil_sao_paulo.png
451,Italy,Umbria,242,0.34835,italy_umbria.png
452,Cuba,nan,352,0.34863,cuba.png
453,Peru,nan,79,0.35086,peru.png
454,Malta,nan,327,0.35206,malta.png
455,Russia,Tula Oblast,275,0.35224,russia_tula_oblast.png
456,Russia,Jewish Autonomous Okrug,273,0.35430,russia_jewish_autonomous_okrug.png
457,Mexico,Baja California Sur,286,0.35532,mexico_baja_california_sur.png
458,Russia,Kaluga Oblast,275,0.35794,russia_kaluga_oblast.png
459,Chile,Maule,285,0.35831,chile_maule.png
460,Russia,Bryansk Oblast,275,0.35836,russia_bryansk_oblast.png
461,Ukraine,Ivano Frankivsk Oblast,275,0.35913,ukraine_ivano_frankivsk_oblast.png
462,Russia,Chelyabinsk Oblast,275,0.35951,russia_chelyabinsk_oblast.png
463,India,Karnataka,261,0.36016,india_karnataka.png
464,Russia,Chuvashia Republic,275,0.36260,russia_chuvashia_republic.png
465,Chile,Araucania,284,0.36262,chile_araucania.png
466,Guinea Bissau,nan,105,0.36282,guinea_bissau.png
467,Bahrain,nan,367,0.36536,bahrain.png
468,Peru,La Libertad,218,0.36708,peru_la_libertad.png
469,Brazil,Mato Grosso,278,0.36871,brazil_mato_grosso.png
470,Chile,Coquimbo,285,0.36882,chile_coquimbo.png
471,Chile,Arica y Parinacota,285,0.36903,chile_arica_y_parinacota.png
472,Mexico,Morelos,281,0.36960,mexico_morelos.png
473,Russia,Khakassia Republic,275,0.36988,russia_khakassia_republic.png
474,Brazil,Piaui,280,0.37033,brazil_piaui.png
475,Guatemala,nan,346,0.37133,guatemala.png
476,Japan,Kochi,115,0.37185,japan_kochi.png
477,Mexico,Baja California,284,0.37313,mexico_baja_california.png
478,Ethiopia,nan,335,0.37426,ethiopia.png
479,Japan,Fukui,109,0.37487,japan_fukui.png
480,Peru,Lambayeque,216,0.37562,peru_lambayeque.png
481,Pakistan,Khyber Pakhtunkhwa,254,0.37731,pakistan_khyber_pakhtunkhwa.png
482,Colombia,Cundinamarca,267,0.37852,colombia_cundinamarca.png
483,Bolivia,nan,350,0.37879,bolivia.png
484,Mexico,Tabasco,286,0.37888,mexico_tabasco.png
485,Japan,Hyogo,249,0.37909,japan_hyogo.png
486,Papua New Guinea,nan,103,0.37999,papua_new_guinea.png
487,Chile,Magallanes,281,0.38014,chile_magallanes.png
488,Netherlands,nan,129,0.38059,netherlands.png
489,Ukraine,Ternopil Oblast,275,0.38133,ukraine_ternopil_oblast.png
490,Brazil,Acre,280,0.38159,brazil_acre.png
491,Albania,nan,358,0.38247,albania.png
492,Russia,Penza Oblast,275,0.38316,russia_penza_oblast.png
493,Colombia,nan,78,0.38334,colombia.png
494,China,Hebei,97,0.38350,china_hebei.png
495,Chile,nan,71,0.38385,chile.png
496,Belgium,Namur,110,0.38431,belgium_namur.png
497,India,Puducherry,251,0.38440,india_puducherry.png
498,Colombia,Vaupes,103,0.38556,colombia_vaupes.png
499,Italy,nan,83,0.38589,italy.png
500,Egypt,nan,363,0.38606,egypt.png
501,Antigua and Barbuda,nan,93,0.38727,antigua_and_barbuda.png
502,Iraq,nan,367,0.38791,iraq.png
503,Honduras,nan,331,0.38841,honduras.png
504,Brazil,Distrito Federal,280,0.38873,brazil_distrito_federal.png
505,Argentina,nan,355,0.39024,argentina.png
506,Mexico,Hidalgo,286,0.39028,mexico_hidalgo.png
507,United Kingdom,Bermuda,133,0.39115,united_kingdom_bermuda.png
508,China,Inner Mongolia,114,0.39153,china_inner_mongolia.png
509,Russia,Kursk Oblast,275,0.39207,russia_kursk_oblast.png
510,Japan,Oita,144,0.39306,japan_oita.png
511,China,Hunan,50,0.39371,china_hunan.png
512,Brazil,Paraiba,279,0.39444,brazil_paraiba.png
513,Mexico,San Luis Potosi,285,0.39588,mexico_san_luis_potosi.png
514,Italy,PA Trento,270,0.39588,italy_pa_trento.png
515,Canada,Nunavut,62,0.39794,canada_nunavut.png
516,United Kingdom,Isle of Man,103,0.39976,united_kingdom_isle_of_man.png
517,Netherlands,Utrecht,224,0.40290,netherlands_utrecht.png
518,Ukraine,Kharkiv Oblast,275,0.40315,ukraine_kharkiv_oblast.png
519,Italy,Calabria,251,0.40544,italy_calabria.png
520,India,Madhya Pradesh,261,0.40570,india_madhya_pradesh.png
521,Russia,Komi Republic,275,0.40571,russia_komi_republic.png
522,United Kingdom,Scotland,258,0.40596,united_kingdom_scotland.png
523,Russia,Chechen Republic,275,0.40618,russia_chechen_republic.png
524,Colombia,Valle del Cauca,266,0.40712,colombia_valle_del_cauca.png
525,Mexico,Guerrero,285,0.40716,mexico_guerrero.png
526,Canada,Newfoundland and Labrador,140,0.40908,canada_newfoundland_and_labrador.png
527,Peru,San Martin,218,0.40923,peru_san_martin.png
528,Sri Lanka,nan,343,0.40933,sri_lanka.png
529,Saudi Arabia,nan,360,0.40979,saudi_arabia.png
530,Chile,Biobio,285,0.40983,chile_biobio.png
531,Netherlands,Drenthe,215,0.41037,netherlands_drenthe.png
532,Italy,Puglia,266,0.41288,italy_puglia.png
533,Japan,Akita,83,0.41333,japan_akita.png
534,Peru,Ancash,217,0.41968,peru_ancash.png
535,Russia,nan,86,0.42090,russia.png
536,Spain,nan,77,0.42238,spain.png
537,Colombia,Antioquia,267,0.42240,colombia_antioquia.png
538,Russia,Amur Oblast,275,0.42333,russia_amur_oblast.png
539,Mexico,Nuevo Leon,286,0.42488,mexico_nuevo_leon.png
540,Mexico,Jalisco,286,0.42591,mexico_jalisco.png
541,Iran,nan,378,0.42791,iran.png
542,Russia,Tambov Oblast,275,0.43022,russia_tambov_oblast.png
543,India,Chhattisgarh,260,0.43037,india_chhattisgarh.png
544,Italy,Emilia Romagna,293,0.43142,italy_emilia_romagna.png
545,Libya,nan,288,0.43328,libya.png
546,China,Hubei,67,0.43402,china_hubei.png
547,Russia,Sakhalin Oblast,274,0.43415,russia_sakhalin_oblast.png
548,Russia,Ivanovo Oblast,275,0.43533,russia_ivanovo_oblast.png
549,Australia,Queensland,211,0.43569,australia_queensland.png
550,Mexico,Sinaloa,286,0.43675,mexico_sinaloa.png
551,Paraguay,nan,348,0.43816,paraguay.png
552,Philippines,nan,366,0.43920,philippines.png
553,Cambodia,nan,142,0.44376,cambodia.png
554,Russia,Kirov Oblast,275,0.44647,russia_kirov_oblast.png
555,India,Jammu and Kashmir,261,0.44774,india_jammu_and_kashmir.png
556,India,Rajasthan,261,0.44849,india_rajasthan.png
557,Netherlands,Zuid Holland,224,0.45023,netherlands_zuid_holland.png
558,India,Telangana,258,0.45036,india_telangana.png
559,Qatar,nan,362,0.45459,qatar.png
560,India,Uttarakhand,249,0.45491,india_uttarakhand.png
561,Netherlands,Zeeland,221,0.45650,netherlands_zeeland.png
562,Montenegro,nan,296,0.45999,montenegro.png
563,Russia,Ingushetia Republic,275,0.46084,russia_ingushetia_republic.png
564,Russia,Tomsk Oblast,275,0.46095,russia_tomsk_oblast.png
565,Chile,Valparaiso,284,0.46128,chile_valparaiso.png
566,Turkey,nan,355,0.46135,turkey.png
567,Japan,Shimane,72,0.46317,japan_shimane.png
568,Belgium,Walloon Brabant,110,0.46539,belgium_walloon_brabant.png
569,Venezuela,nan,340,0.46882,venezuela.png
570,India,Kerala,259,0.47129,india_kerala.png
571,Brazil,Pernambuco,279,0.47395,brazil_pernambuco.png
572,Belgium,Luxembourg,110,0.47684,belgium_luxembourg.png
573,China,Sichuan,202,0.47904,china_sichuan.png
574,China,Beijing,156,0.48165,china_beijing.png
575,China,Henan,60,0.48195,china_henan.png
576,Russia,Khabarovsk Krai,275,0.48460,russia_khabarovsk_krai.png
577,Australia,South Australia,123,0.48693,australia_south_australia.png
578,Netherlands,Limburg,223,0.48726,netherlands_limburg.png
579,Belgium,Unknown,109,0.48751,belgium_unknown.png
580,Canada,Quebec,349,0.49005,canada_quebec.png
581,Russia,Kaliningrad Oblast,275,0.49303,russia_kaliningrad_oblast.png
582,Belgium,Hainaut,110,0.49502,belgium_hainaut.png
583,Russia,Omsk Oblast,275,0.49557,russia_omsk_oblast.png
584,Russia,Zabaykalsky Krai,275,0.49872,russia_zabaykalsky_krai.png
585,Mexico,Michoacan,281,0.49949,mexico_michoacan.png
586,Pakistan,Punjab,254,0.50030,pakistan_punjab.png
587,Russia,Saint Petersburg,275,0.50072,russia_saint_petersburg.png
588,Russia,Moscow Oblast,275,0.50078,russia_moscow_oblast.png
589,Canada,Prince Edward Island,57,0.50143,canada_prince_edward_island.png
590,Colombia,Santander,265,0.50236,colombia_santander.png
591,Brazil,Espirito Santo,278,0.50819,brazil_espirito_santo.png
592,Russia,Karelia Republic,275,0.50896,russia_karelia_republic.png
593,Russia,North Ossetia Alania Republic,275,0.51365,russia_north_ossetia_alania_republic.png
594,Syria,nan,284,0.51397,syria.png
595,Belgium,Liege,110,0.51848,belgium_liege.png
596,China,Tianjin,148,0.51873,china_tianjin.png
597,Russia,Kamchatka Krai,275,0.52212,russia_kamchatka_krai.png
598,Russia,Leningrad Oblast,275,0.52218,russia_leningrad_oblast.png
599,Belgium,Brussels,110,0.52315,belgium_brussels.png
600,Netherlands,Friesland,216,0.52831,netherlands_friesland.png
601,Mexico,Yucatan,285,0.54076,mexico_yucatan.png
602,Japan,Tottori,77,0.55065,japan_tottori.png
603,Russia,Udmurt Republic,275,0.55424,russia_udmurt_republic.png
604,Russia,Bashkortostan Republic,275,0.55424,russia_bashkortostan_republic.png
605,Russia,Tver Oblast,275,0.55690,russia_tver_oblast.png
606,India,Gujarat,261,0.56313,india_gujarat.png
607,Russia,Murmansk Oblast,275,0.56315,russia_murmansk_oblast.png
608,Chile,Metropolitana,285,0.56525,chile_metropolitana.png
609,Russia,Orel Oblast,275,0.56575,russia_orel_oblast.png
610,China,Shandong,96,0.56659,china_shandong.png
611,Russia,Perm Krai,275,0.56788,russia_perm_krai.png
612,Netherlands,Noord Brabant,224,0.57266,netherlands_noord_brabant.png
613,United Kingdom,nan,97,0.57319,united_kingdom.png
614,China,Yunnan,68,0.57516,china_yunnan.png
615,Russia,Nizhny Novgorod Oblast,275,0.58127,russia_nizhny_novgorod_oblast.png
616,Ukraine,Sevastopol,263,0.58425,ukraine_sevastopol.png
617,Russia,Astrakhan Oblast,275,0.58497,russia_astrakhan_oblast.png
618,China,Fujian,165,0.58515,china_fujian.png
619,Russia,Altai Krai,275,0.58800,russia_altai_krai.png
620,Sweden,nan,99,0.58985,sweden.png
621,Russia,Lipetsk Oblast,275,0.59109,russia_lipetsk_oblast.png
622,Kuwait,nan,366,0.59209,kuwait.png
623,Russia,Yamalo Nenets Autonomous Okrug,275,0.59235,russia_yamalo_nenets_autonomous_okrug.png
624,Russia,Tyumen Oblast,275,0.60250,russia_tyumen_oblast.png
625,China,Zhejiang,98,0.61718,china_zhejiang.png
626,China,Shaanxi,159,0.61808,china_shaanxi.png
627,Russia,Tatarstan Republic,275,0.61921,russia_tatarstan_republic.png
628,Italy,Lazio,293,0.61977,italy_lazio.png
629,Belgium,Antwerp,110,0.62230,belgium_antwerp.png
630,Netherlands,Noord Holland,224,0.63277,netherlands_noord_holland.png
631,India,West Bengal,260,0.64409,india_west_bengal.png
632,Belgium,Flemish Brabant,110,0.66393,belgium_flemish_brabant.png
633,Russia,Magadan Oblast,275,0.66593,russia_magadan_oblast.png
634,Russia,Belgorod Oblast,275,0.66636,russia_belgorod_oblast.png
635,China,Jiangsu,78,0.66767,china_jiangsu.png
636,Russia,Smolensk Oblast,275,0.67066,russia_smolensk_oblast.png
637,Belgium,West Flanders,110,0.67066,belgium_west_flanders.png
638,Belgium,East Flanders,110,0.67684,belgium_east_flanders.png
639,Russia,Sverdlovsk Oblast,275,0.67951,russia_sverdlovsk_oblast.png
640,Belarus,nan,344,0.68086,belarus.png
641,Belgium,Limburg,110,0.68890,belgium_limburg.png
642,Russia,Yaroslavl Oblast,275,0.69242,russia_yaroslavl_oblast.png
643,Russia,Moscow,275,0.69975,russia_moscow.png
644,Australia,Northern Territory,57,0.70133,australia_northern_territory.png
645,India,Tamil Nadu,261,0.70528,india_tamil_nadu.png
646,Russia,Kemerovo Oblast,275,0.70745,russia_kemerovo_oblast.png
647,Russia,Dagestan Republic,275,0.71092,russia_dagestan_republic.png
648,Russia,Primorsky Krai,275,0.71983,russia_primorsky_krai.png
649,Russia,Mari El Republic,275,0.72108,russia_mari_el_republic.png
650,Russia,Vologda Oblast,275,0.72884,russia_vologda_oblast.png
651,Russia,Kabardino Balkarian Republic,275,0.73273,russia_kabardino_balkarian_republic.png
652,Russia,Kalmykia Republic,271,0.73373,russia_kalmykia_republic.png
653,Russia,Voronezh Oblast,275,0.73497,russia_voronezh_oblast.png
654,Ukraine,nan,76,0.74004,ukraine.png
655,Russia,Khanty Mansi Autonomous Okrug,275,0.74030,russia_khanty_mansi_autonomous_okrug.png
656,China,Shanxi,70,0.75277,china_shanxi.png
657,Brunei,nan,54,0.75809,brunei.png
658,Russia,Stavropol Krai,275,0.76466,russia_stavropol_krai.png
659,Russia,Rostov Oblast,275,0.82382,russia_rostov_oblast.png
660,Russia,Irkutsk Oblast,275,0.84092,russia_irkutsk_oblast.png
661,Russia,Ulyanovsk Oblast,275,0.87424,russia_ulyanovsk_oblast.png
662,Russia,Volgograd Oblast,275,0.88672,russia_volgograd_oblast.png
663,Russia,Krasnoyarsk Krai,275,0.91533,russia_krasnoyarsk_krai.png
664,Russia,Krasnodar Krai,275,0.93204,russia_krasnodar_krai.png
665,Russia,Novosibirsk Oblast,275,0.93412,russia_novosibirsk_oblast.png
666,Russia,Karachay Cherkess Republic,275,0.93812,russia_karachay_cherkess_republic.png
667,Russia,Saratov Oblast,275,0.93969,russia_saratov_oblast.png
668,Russia,Orenburg Oblast,275,0.96840,russia_orenburg_oblast.png
669,Tajikistan,nan,240,0.98963,tajikistan.png
670,Russia,Mordovia Republic,275,1.03430,russia_mordovia_republic.png
